query_id,category_l1,category_l2,query_type,Query_EN,Query_IT,Query_DE
qffdd87b50,Apparel & Accessories,backpack,branded,buy Osprey Atmos AG 65,acquista Osprey Atmos AG 65,Osprey Atmos AG 65 kaufen
qd9f19404f,Apparel & Accessories,fitness tracker,branded,Fitbit Charge 6 price,Fitbit Charge 6 prezzo,Fitbit Charge 6 preis
qa049970a5,Apparel & Accessories,football boots,branded,buy Nike Mercurial Superfly 10,acquista Nike Mercurial Superfly 10,Nike Mercurial Superfly 10 kaufen
q6acc83067,Apparel & Accessories,hiking boots,branded,Scarpa Zodiac Plus GTX review,Scarpa Zodiac Plus GTX recensione,Scarpa Zodiac Plus GTX test
q0afb37de7,Apparel & Accessories,running shoes,branded,New Balance FuelCell SuperComp Elite v4,New Balance FuelCell SuperComp Elite v4,New Balance FuelCell SuperComp Elite v4
qc3d6c9edf,Apparel & Accessories,running shoes,branded,New Balance Fresh Foam 1080 price,New Balance Fresh Foam 1080 prezzo,New Balance Fresh Foam 1080 preis
q2823e1911,Apparel & Accessories,running shoes,branded,Hoka Speedgoat 5,Hoka Speedgoat 5,Hoka Speedgoat 5
qb4373f16b,Apparel & Accessories,running shoes,branded,buy ASICS Gel-Nimbus 26,acquista ASICS Gel-Nimbus 26,ASICS Gel-Nimbus 26 kaufen
q1fa441cc4,Apparel & Accessories,running shoes,branded,buy Hoka Bondi 8,acquista Hoka Bondi 8,Hoka Bondi 8 kaufen
qa9ab15f59,Apparel & Accessories,running shoes,branded,Adidas Ultraboost 22,Adidas Ultraboost 22,Adidas Ultraboost 22
qf33297291,Apparel & Accessories,running shoes,branded,buy Nike Air Force 1,acquista Nike Air Force 1,Nike Air Force 1 kaufen
q42d72026f,Apparel & Accessories,running shoes,branded,Adidas Samba OG,Adidas Samba OG,Adidas Samba OG
qe87e0f81b,Apparel & Accessories,running shoes,branded,Brooks Ghost 16,Brooks Ghost 16,Brooks Ghost 16
q77accd453,Apparel & Accessories,running shoes,branded,Adidas Gazelle review,Adidas Gazelle recensione,Adidas Gazelle test
q7a022159a,Apparel & Accessories,running shoes,branded,Saucony Endorphin Speed 4 price,Saucony Endorphin Speed 4 prezzo,Saucony Endorphin Speed 4 preis
qc5c39e829,Apparel & Accessories,smartwatch,branded,buy Garmin Epix Gen 2,acquista Garmin Epix Gen 2,Garmin Epix Gen 2 kaufen
q39482c1d0,Apparel & Accessories,smartwatch,branded,Samsung Galaxy Watch 6 offers,Samsung Galaxy Watch 6 offerte,Samsung Galaxy Watch 6 angebote
qe8232d611,Apparel & Accessories,sneakers,branded,buy Nike Dunk Low,acquista Nike Dunk Low,Nike Dunk Low kaufen
qf09350e41,Apparel & Accessories,sneakers,branded,Adidas Yeezy 350 V2,Adidas Yeezy 350 V2,Adidas Yeezy 350 V2
q39c796486,Apparel & Accessories,sunglasses,branded,Ray-Ban Wayfarer offers,Ray-Ban Wayfarer offerte,Ray-Ban Wayfarer angebote
q66ef8a597,Apparel & Accessories,winter jacket,branded,buy Patagonia Down Sweater,acquista Patagonia Down Sweater,Patagonia Down Sweater kaufen
q9c7ee6af1,Apparel & Accessories,winter jacket,branded,Arc'teryx Beta AR Jacket,Arc'teryx Beta AR Jacket,Arc'teryx Beta AR Jacket
q2a8e22a44,Apparel & Accessories,athletic shoes,generic,athletic shoes deals,scarpe sportive occasioni,Sportschuhe schnäppchen
q01d43b8ac,Apparel & Accessories,athletic shoes,generic,athletic shoes sale,scarpe sportive saldi,Sportschuhe sale
q57508d087,Apparel & Accessories,backpack,generic,backpack price,prezzo zaino,Rucksack preis
q5575ac471,Apparel & Accessories,basketball shoes,generic,top basketball shoes,top scarpe da basket,top Basketballschuhe
qe39fd9da4,Apparel & Accessories,basketball shoes,generic,best basketball shoes,migliori scarpe da basket,bestes Basketballschuhe
qba3a64425,Apparel & Accessories,boots,generic,cheap boots,stivali economici,günstiger Stiefel
qf28362703,Apparel & Accessories,boots,generic,boots specs,specifiche stivali,Stiefel technische daten
qea9f4add2,Apparel & Accessories,compression socks,generic,buy compression socks,acquista calze a compressione,Kompressionssocken kaufen
qf2e422137,Apparel & Accessories,compression socks,generic,compression socks sale,calze a compressione saldi,Kompressionssocken sale
q49c7a50a0,Apparel & Accessories,cycling shoes,generic,best value cycling shoes,scarpe da ciclismo miglior rapporto qualità prezzo,bestes preis-leistungs Radschuhe
qee10bd4f2,Apparel & Accessories,cycling shoes,generic,where to buy cycling shoes,dove comprare scarpe da ciclismo,wo Radschuhe kaufen
q51c8c1909,Apparel & Accessories,down jacket,generic,buy down jacket,acquista piumino,Daunenjacke kaufen
q6cec56179,Apparel & Accessories,down jacket,generic,down jacket amazon,piumino amazon,Daunenjacke amazon
qd95520fb5,Apparel & Accessories,fitness tracker,generic,best value fitness tracker,fitness tracker miglior rapporto qualità prezzo,bestes preis-leistungs Fitness-Tracker
qddbf29956,Apparel & Accessories,fitness tracker,generic,cheap fitness tracker,fitness tracker economici,günstiger Fitness-Tracker
qc83b869c2,Apparel & Accessories,football boots,generic,where to buy football boots,dove comprare scarpe da calcio,wo Fußballschuhe kaufen
q20d4a73b4,Apparel & Accessories,hiking boots,generic,hiking boots review,recensione scarpe da trekking,Wanderstiefel test
q766bda5cf,Apparel & Accessories,hiking boots,generic,hiking boots 2024,scarpe da trekking 2024,Wanderstiefel 2024
qc5f6a0d96,Apparel & Accessories,loafers,generic,loafers specs,specifiche mocassini,Loafer technische daten
qbb7ed420e,Apparel & Accessories,loafers,generic,loafers offers,offerte mocassini,Loafer angebote
q1a9e7da5b,Apparel & Accessories,polo shirt,generic,polo shirt deals,polo occasioni,Poloshirt schnäppchen
q3270014a7,Apparel & Accessories,polo shirt,generic,polo shirt offers,offerte polo,Poloshirt angebote
q4a4db1351,Apparel & Accessories,rain jacket,generic,best rain jacket,migliori giacca impermeabile,bestes Regenjacke
q6fe23481a,Apparel & Accessories,rain jacket,generic,rain jacket 2024,giacca impermeabile 2024,Regenjacke 2024
qf918b326e,Apparel & Accessories,running jacket,generic,best running jacket,migliori giacca da corsa,bestes Laufjacke
qb768afa5d,Apparel & Accessories,running shoes,generic,running shoes sale,scarpe da corsa saldi,Laufschuhe sale
qe2a2347a7,Apparel & Accessories,running shoes,generic,compare running shoes,confronta scarpe da corsa,Laufschuhe vergleich
q8669d0332,Apparel & Accessories,running watch,generic,buy running watch,acquista orologio da corsa,Laufuhr kaufen
qb3aa2fa4a,Apparel & Accessories,running watch,generic,top running watch,top orologio da corsa,top Laufuhr
q3c046c0a3,Apparel & Accessories,sandals,generic,buy sandals,acquista sandali,Sandalen kaufen
q50630fb48,Apparel & Accessories,sandals,generic,sandals amazon,sandali amazon,Sandalen amazon
q13be2ec9f,Apparel & Accessories,smartwatch,generic,buy smartwatch,acquista smartwatch,Smartwatch kaufen
qb78b210cd,Apparel & Accessories,smartwatch,generic,smartwatch offers,offerte smartwatch,Smartwatch angebote
q2dc309a79,Apparel & Accessories,sneakers,generic,sneakers amazon,sneakers amazon,Sneaker amazon
qc398b5d2d,Apparel & Accessories,sneakers,generic,sneakers professional,sneakers professionale,professioneller Sneaker
qfa6885e73,Apparel & Accessories,sport leggings,generic,where to buy sport leggings,dove comprare leggings sportivi,wo Sport-Leggings kaufen
q5b2326ce8,Apparel & Accessories,sport leggings,generic,buy sport leggings online,comprare leggings sportivi online,Sport-Leggings online kaufen
q423ec762d,Apparel & Accessories,sport shorts,generic,sport shorts rating,valutazione pantaloncini sportivi,Sporthose bewertung
q1357e7f55,Apparel & Accessories,sports bag,generic,compare sports bag,confronta borsa sportiva,Sporttasche vergleich
q34c790ef6,Apparel & Accessories,sports bra,generic,sports bra professional,reggiseno sportivo professionale,professioneller Sport-BH
q69cb0c2b0,Apparel & Accessories,sports bra,generic,sports bra 2024,reggiseno sportivo 2024,Sport-BH 2024
q47450fd55,Apparel & Accessories,sunglasses,generic,best sunglasses,migliori occhiali da sole,bestes Sonnenbrille
q95ce6cff2,Apparel & Accessories,tennis shoes,generic,tennis shoes 2024,scarpe da tennis 2024,Tennisschuhe 2024
q67594e804,Apparel & Accessories,tennis shoes,generic,tennis shoes online,scarpe da tennis online,Tennisschuhe online
q8ea6befdc,Apparel & Accessories,winter jacket,generic,best value winter jacket,giacca invernale miglior rapporto qualità prezzo,bestes preis-leistungs Winterjacke
q6a515f015,Baby & Kids,baby monitor,branded,Motorola Halo+ price,Motorola Halo+ prezzo,Motorola Halo+ preis
q358cae83c,Baby & Kids,baby monitor,branded,Nanit Pro Camera,Nanit Pro Camera,Nanit Pro Camera
q8171b85c9,Baby & Kids,baby stroller,branded,Bugaboo Fox 5 review,Bugaboo Fox 5 recensione,Bugaboo Fox 5 test
q3ce557ddb,Baby & Kids,baby stroller,branded,UPPAbaby Vista V2 review,UPPAbaby Vista V2 recensione,UPPAbaby Vista V2 test
qddb331e5e,Baby & Kids,baby stroller,branded,buy UPPAbaby Vista V2,acquista UPPAbaby Vista V2,UPPAbaby Vista V2 kaufen
qc0b0f5940,Baby & Kids,baby stroller,branded,UPPAbaby Vista V2,UPPAbaby Vista V2,UPPAbaby Vista V2
qe3bac2942,Baby & Kids,car seat,branded,Maxi-Cosi Pebble 360,Maxi-Cosi Pebble 360,Maxi-Cosi Pebble 360
q69b719086,Baby & Kids,car seat,branded,Cybex Sirona S2 i-Size,Cybex Sirona S2 i-Size,Cybex Sirona S2 i-Size
q3925205b0,Baby & Kids,car seat,branded,Maxi-Cosi Pebble 360 review,Maxi-Cosi Pebble 360 recensione,Maxi-Cosi Pebble 360 test
q50b032c1a,Baby & Kids,children bicycle,branded,buy woom 4,acquista woom 4,woom 4 kaufen
q9a175af3d,Baby & Kids,children bicycle,branded,woom 4 offers,woom 4 offerte,woom 4 angebote
qab41fe8c2,Baby & Kids,children bicycle,branded,Frog Bikes 52 review,Frog Bikes 52 recensione,Frog Bikes 52 test
q8bc61f1f4,Baby & Kids,toys,branded,LEGO Technic Bugatti Bolide offers,LEGO Technic Bugatti Bolide offerte,LEGO Technic Bugatti Bolide angebote
qddec5f49f,Baby & Kids,toys,branded,LEGO Harry Potter Hogwarts Castle review,LEGO Harry Potter Hogwarts Castle recensione,LEGO Harry Potter Hogwarts Castle test
qe7b537990,Baby & Kids,toys,branded,LEGO Harry Potter Hogwarts Castle price,LEGO Harry Potter Hogwarts Castle prezzo,LEGO Harry Potter Hogwarts Castle preis
q2a1c992e0,Baby & Kids,LEGO,generic,buy LEGO online,comprare LEGO online,LEGO online kaufen
q0cb32bf7c,Baby & Kids,LEGO,generic,LEGO rating,valutazione LEGO,LEGO bewertung
q217fb6a06,Baby & Kids,LEGO,generic,LEGO,LEGO,LEGO
q13edf40d3,Baby & Kids,LEGO,generic,LEGO online,LEGO online,LEGO online
q11dc0be50,Baby & Kids,LEGO,generic,LEGO specs,specifiche LEGO,LEGO technische daten
q0e4b14643,Baby & Kids,LEGO,generic,LEGO amazon,LEGO amazon,LEGO amazon
qa7c717501,Baby & Kids,LEGO,generic,compare LEGO,confronta LEGO,LEGO vergleich
q21231a826,Baby & Kids,baby carrier,generic,baby carrier rating,valutazione marsupio neonato,Babytrage bewertung
q7dfab77a4,Baby & Kids,baby carrier,generic,compare baby carrier,confronta marsupio neonato,Babytrage vergleich
q39c610276,Baby & Kids,baby carrier,generic,baby carrier deals,marsupio neonato occasioni,Babytrage schnäppchen
q672e0a567,Baby & Kids,baby carrier,generic,cheap baby carrier,marsupio neonato economici,günstiger Babytrage
q83402a915,Baby & Kids,baby carrier,generic,where to buy baby carrier,dove comprare marsupio neonato,wo Babytrage kaufen
q6b7854b2f,Baby & Kids,baby carrier,generic,baby carrier professional,marsupio neonato professionale,professioneller Babytrage
q8164c43cc,Baby & Kids,baby carrier,generic,baby carrier,marsupio neonato,Babytrage
qe08230546,Baby & Kids,baby monitor,generic,baby monitor price,prezzo baby monitor,Babyphone preis
q514741ccd,Baby & Kids,baby monitor,generic,baby monitor rating,valutazione baby monitor,Babyphone bewertung
q6c3c6e684,Baby & Kids,baby monitor,generic,baby monitor professional,baby monitor professionale,professioneller Babyphone
qa2ba584ea,Baby & Kids,baby monitor,generic,where to buy baby monitor,dove comprare baby monitor,wo Babyphone kaufen
qe60d49ff6,Baby & Kids,baby monitor,generic,buy baby monitor online,comprare baby monitor online,Babyphone online kaufen
q13ce8ee31,Baby & Kids,baby monitor,generic,top baby monitor,top baby monitor,top Babyphone
q02ac173e2,Baby & Kids,baby monitor,generic,baby monitor review,recensione baby monitor,Babyphone test
q61d2feb64,Baby & Kids,baby stroller,generic,baby stroller rating,valutazione passeggino,Kinderwagen bewertung
qf048512b5,Baby & Kids,baby stroller,generic,baby stroller,passeggino,Kinderwagen
qf68f3c051,Baby & Kids,baby stroller,generic,baby stroller under 500,passeggino sotto 500 euro,Kinderwagen unter 500 euro
qf3943b051,Baby & Kids,baby stroller,generic,baby stroller professional,passeggino professionale,professioneller Kinderwagen
q8f79e6234,Baby & Kids,baby stroller,generic,baby stroller amazon,passeggino amazon,Kinderwagen amazon
qc3c92c4de,Baby & Kids,baby stroller,generic,baby stroller under 100,passeggino sotto 100 euro,Kinderwagen unter 100 euro
q02e6abe97,Baby & Kids,baby stroller,generic,compare baby stroller,confronta passeggino,Kinderwagen vergleich
q32fa05894,Baby & Kids,car seat,generic,car seat offers,offerte seggiolino auto,Kindersitz angebote
q025449260,Baby & Kids,car seat,generic,car seat online,seggiolino auto online,Kindersitz online
qa3ddf2946,Baby & Kids,car seat,generic,car seat amazon,seggiolino auto amazon,Kindersitz amazon
qbcc2aac7f,Baby & Kids,car seat,generic,car seat specs,specifiche seggiolino auto,Kindersitz technische daten
q562157b8b,Baby & Kids,car seat,generic,top car seat,top seggiolino auto,top Kindersitz
qd74631269,Baby & Kids,car seat,generic,car seat rating,valutazione seggiolino auto,Kindersitz bewertung
qac8acdef8,Baby & Kids,children bicycle,generic,children bicycle under 100,bicicletta bambini sotto 100 euro,Kinderfahrrad unter 100 euro
qe91a47a2f,Baby & Kids,children bicycle,generic,children bicycle deals,bicicletta bambini occasioni,Kinderfahrrad schnäppchen
q8f56a79e5,Baby & Kids,children bicycle,generic,children bicycle 2024,bicicletta bambini 2024,Kinderfahrrad 2024
qff04e132d,Baby & Kids,children bicycle,generic,best value children bicycle,bicicletta bambini miglior rapporto qualità prezzo,bestes preis-leistungs Kinderfahrrad
qe271235e6,Baby & Kids,children bicycle,generic,children bicycle price,prezzo bicicletta bambini,Kinderfahrrad preis
qf788e8520,Baby & Kids,children bicycle,generic,best children bicycle,migliori bicicletta bambini,bestes Kinderfahrrad
q533536761,Baby & Kids,scooter kids,generic,compare scooter kids,confronta monopattino bambini,Kinderroller vergleich
q2d33022f3,Baby & Kids,scooter kids,generic,scooter kids deals,monopattino bambini occasioni,Kinderroller schnäppchen
q71a439a92,Baby & Kids,scooter kids,generic,scooter kids rating,valutazione monopattino bambini,Kinderroller bewertung
q47148940f,Baby & Kids,scooter kids,generic,scooter kids specs,specifiche monopattino bambini,Kinderroller technische daten
q4af2b778a,Baby & Kids,scooter kids,generic,scooter kids for beginners,monopattino bambini per principianti,Kinderroller für anfänger
q6c0bef4c6,Baby & Kids,scooter kids,generic,scooter kids professional,monopattino bambini professionale,professioneller Kinderroller
q107767f51,Baby & Kids,toys,generic,toys price,prezzo giocattoli,Spielzeug preis
qa79f85559,Baby & Kids,toys,generic,compare toys,confronta giocattoli,Spielzeug vergleich
q0d3938af1,Baby & Kids,toys,generic,toys,giocattoli,Spielzeug
qe00b7099b,Baby & Kids,toys,generic,buy toys,acquista giocattoli,Spielzeug kaufen
q2db5992d7,Baby & Kids,toys,generic,best value toys,giocattoli miglior rapporto qualità prezzo,bestes preis-leistungs Spielzeug
q7fad18a48,Baby & Kids,toys,generic,where to buy toys,dove comprare giocattoli,wo Spielzeug kaufen
qc83352c59,Beauty & Personal Care,face moisturiser,branded,CeraVe Moisturising Cream offers,CeraVe Moisturising Cream offerte,CeraVe Moisturising Cream angebote
q4805c54fb,Beauty & Personal Care,face moisturiser,branded,CeraVe Moisturising Cream,CeraVe Moisturising Cream,CeraVe Moisturising Cream
q93d04422d,Beauty & Personal Care,perfume,branded,buy YSL Black Opium,acquista YSL Black Opium,YSL Black Opium kaufen
q6a4b5c0e3,Beauty & Personal Care,perfume,branded,buy Versace Eros,acquista Versace Eros,Versace Eros kaufen
qab1d2d4ad,Beauty & Personal Care,perfume,branded,buy Chanel N°5,acquista Chanel N°5,Chanel N°5 kaufen
qc31d4dd01,Beauty & Personal Care,perfume,branded,YSL Black Opium review,YSL Black Opium recensione,YSL Black Opium test
q0f1cdc9cc,Beauty & Personal Care,perfume,branded,Dior Sauvage offers,Dior Sauvage offerte,Dior Sauvage angebote
qba7354504,Beauty & Personal Care,sunscreen SPF 50,branded,ISDIN Eryfotona Actinica review,ISDIN Eryfotona Actinica recensione,ISDIN Eryfotona Actinica test
qfd52ce7b5,Beauty & Personal Care,sunscreen SPF 50,branded,ISDIN Eryfotona Actinica offers,ISDIN Eryfotona Actinica offerte,ISDIN Eryfotona Actinica angebote
q045c767ff,Beauty & Personal Care,vitamin C serum,branded,Paula's Choice C15 Super Booster offers,Paula's Choice C15 Super Booster offerte,Paula's Choice C15 Super Booster angebote
q39780ad76,Beauty & Personal Care,vitamin C serum,branded,Paula's Choice C15 Super Booster review,Paula's Choice C15 Super Booster recensione,Paula's Choice C15 Super Booster test
q80491a1a5,Beauty & Personal Care,vitamin C serum,branded,The Ordinary Vitamin C Suspension 23% review,The Ordinary Vitamin C Suspension 23% recensione,The Ordinary Vitamin C Suspension 23% test
q9f2c4a2d5,Beauty & Personal Care,face moisturiser,generic,face moisturiser amazon,crema idratante viso amazon,Gesichtscreme amazon
q147387d95,Beauty & Personal Care,face moisturiser,generic,face moisturiser 2024,crema idratante viso 2024,Gesichtscreme 2024
q991dcebb7,Beauty & Personal Care,face moisturiser,generic,face moisturiser under 100,crema idratante viso sotto 100 euro,Gesichtscreme unter 100 euro
q75e1f53e2,Beauty & Personal Care,face moisturiser,generic,face moisturiser offers,offerte crema idratante viso,Gesichtscreme angebote
qbd628e8e5,Beauty & Personal Care,face moisturiser,generic,face moisturiser price,prezzo crema idratante viso,Gesichtscreme preis
qe554a43fa,Beauty & Personal Care,face moisturiser,generic,top face moisturiser,top crema idratante viso,top Gesichtscreme
q9695a3d17,Beauty & Personal Care,face moisturiser,generic,face moisturiser,crema idratante viso,Gesichtscreme
q58578d1df,Beauty & Personal Care,foundation makeup,generic,foundation makeup review,recensione fondotinta,Foundation test
q8ceae905d,Beauty & Personal Care,foundation makeup,generic,foundation makeup 2024,fondotinta 2024,Foundation 2024
qff0872c12,Beauty & Personal Care,foundation makeup,generic,best foundation makeup,migliori fondotinta,bestes Foundation
q89976583b,Beauty & Personal Care,foundation makeup,generic,buy foundation makeup,acquista fondotinta,Foundation kaufen
q5cf850261,Beauty & Personal Care,foundation makeup,generic,foundation makeup deals,fondotinta occasioni,Foundation schnäppchen
q1117bfde6,Beauty & Personal Care,foundation makeup,generic,foundation makeup professional,fondotinta professionale,professioneller Foundation
q539f46499,Beauty & Personal Care,lip balm,generic,compare lip balm,confronta balsamo labbra,Lippenbalsam vergleich
qaa1731a59,Beauty & Personal Care,lip balm,generic,lip balm offers,offerte balsamo labbra,Lippenbalsam angebote
q162ec8739,Beauty & Personal Care,lip balm,generic,lip balm under 500,balsamo labbra sotto 500 euro,Lippenbalsam unter 500 euro
q32c948bd3,Beauty & Personal Care,lip balm,generic,lip balm amazon,balsamo labbra amazon,Lippenbalsam amazon
q81bc05550,Beauty & Personal Care,lip balm,generic,lip balm review,recensione balsamo labbra,Lippenbalsam test
qc39a81850,Beauty & Personal Care,lip balm,generic,lip balm price,prezzo balsamo labbra,Lippenbalsam preis
q0f4edf437,Beauty & Personal Care,mascara,generic,cheap mascara,mascara economici,günstiger Mascara
qdac2ce211,Beauty & Personal Care,mascara,generic,mascara price,prezzo mascara,Mascara preis
qb69a34a7a,Beauty & Personal Care,mascara,generic,buy mascara online,comprare mascara online,Mascara online kaufen
q05a7064c8,Beauty & Personal Care,mascara,generic,mascara online,mascara online,Mascara online
q08edeea30,Beauty & Personal Care,mascara,generic,mascara for beginners,mascara per principianti,Mascara für anfänger
q4c3091b64,Beauty & Personal Care,mascara,generic,mascara sale,mascara saldi,Mascara sale
q11b5ab983,Beauty & Personal Care,nail polish,generic,nail polish for beginners,smalto per unghie per principianti,Nagellack für anfänger
q9cc490a8a,Beauty & Personal Care,nail polish,generic,nail polish,smalto per unghie,Nagellack
q672243b43,Beauty & Personal Care,nail polish,generic,nail polish review,recensione smalto per unghie,Nagellack test
q31c420080,Beauty & Personal Care,nail polish,generic,top nail polish,top smalto per unghie,top Nagellack
qb2ffcc412,Beauty & Personal Care,nail polish,generic,where to buy nail polish,dove comprare smalto per unghie,wo Nagellack kaufen
q9707175e0,Beauty & Personal Care,nail polish,generic,nail polish under 100,smalto per unghie sotto 100 euro,Nagellack unter 100 euro
q247431978,Beauty & Personal Care,perfume,generic,perfume under 500,profumo sotto 500 euro,Parfüm unter 500 euro
qbd2f7b0a8,Beauty & Personal Care,perfume,generic,perfume 2024,profumo 2024,Parfüm 2024
q1c205ee6d,Beauty & Personal Care,perfume,generic,best perfume,migliori profumo,bestes Parfüm
qb1c0959f3,Beauty & Personal Care,perfume,generic,where to buy perfume,dove comprare profumo,wo Parfüm kaufen
q4756b2f98,Beauty & Personal Care,perfume,generic,perfume offers,offerte profumo,Parfüm angebote
q87491f2d2,Beauty & Personal Care,perfume,generic,perfume for beginners,profumo per principianti,Parfüm für anfänger
q89eb67b3f,Beauty & Personal Care,retinol cream,generic,best value retinol cream,crema al retinolo miglior rapporto qualità prezzo,bestes preis-leistungs Retinol-Creme
qa5d8d2109,Beauty & Personal Care,retinol cream,generic,buy retinol cream,acquista crema al retinolo,Retinol-Creme kaufen
q034ba21b4,Beauty & Personal Care,retinol cream,generic,best retinol cream,migliori crema al retinolo,bestes Retinol-Creme
q6910cd679,Beauty & Personal Care,retinol cream,generic,buy retinol cream online,comprare crema al retinolo online,Retinol-Creme online kaufen
qb8c32dc69,Beauty & Personal Care,retinol cream,generic,where to buy retinol cream,dove comprare crema al retinolo,wo Retinol-Creme kaufen
q5b333f5bd,Beauty & Personal Care,retinol cream,generic,retinol cream sale,crema al retinolo saldi,Retinol-Creme sale
q402cb9639,Beauty & Personal Care,sunscreen SPF 50,generic,best value sunscreen SPF 50,crema solare SPF 50 miglior rapporto qualità prezzo,bestes preis-leistungs Sonnencreme SPF 50
qf5ea3d6f5,Beauty & Personal Care,sunscreen SPF 50,generic,cheap sunscreen SPF 50,crema solare SPF 50 economici,günstiger Sonnencreme SPF 50
q5c9609c67,Beauty & Personal Care,sunscreen SPF 50,generic,sunscreen SPF 50 online,crema solare SPF 50 online,Sonnencreme SPF 50 online
q1df304827,Beauty & Personal Care,sunscreen SPF 50,generic,sunscreen SPF 50 professional,crema solare SPF 50 professionale,professioneller Sonnencreme SPF 50
qbeeac1558,Beauty & Personal Care,sunscreen SPF 50,generic,best sunscreen SPF 50,migliori crema solare SPF 50,bestes Sonnencreme SPF 50
qc6b192d2a,Beauty & Personal Care,sunscreen SPF 50,generic,where to buy sunscreen SPF 50,dove comprare crema solare SPF 50,wo Sonnencreme SPF 50 kaufen
q16f04e9b3,Beauty & Personal Care,vitamin C serum,generic,where to buy vitamin C serum,dove comprare siero vitamina C,wo Vitamin-C-Serum kaufen
q75be0f2c3,Beauty & Personal Care,vitamin C serum,generic,vitamin C serum amazon,siero vitamina C amazon,Vitamin-C-Serum amazon
q34e8f7011,Beauty & Personal Care,vitamin C serum,generic,buy vitamin C serum,acquista siero vitamina C,Vitamin-C-Serum kaufen
qa87382ff8,Beauty & Personal Care,vitamin C serum,generic,vitamin C serum under 500,siero vitamina C sotto 500 euro,Vitamin-C-Serum unter 500 euro
q21943de17,Beauty & Personal Care,vitamin C serum,generic,vitamin C serum rating,valutazione siero vitamina C,Vitamin-C-Serum bewertung
qb2e678d19,Beauty & Personal Care,vitamin C serum,generic,best vitamin C serum,migliori siero vitamina C,bestes Vitamin-C-Serum
q7b66dc957,Electronics,Bluetooth speaker,branded,Bose SoundLink Flex,Bose SoundLink Flex,Bose SoundLink Flex
q2115391df,Electronics,OLED television,branded,Samsung S90C OLED review,Samsung S90C OLED recensione,Samsung S90C OLED test
q0ce809cd4,Electronics,digital camera,branded,Canon PowerShot G7X Mark III offers,Canon PowerShot G7X Mark III offerte,Canon PowerShot G7X Mark III angebote
q05eb2a620,Electronics,digital camera,branded,Sony A7R V price,Sony A7R V prezzo,Sony A7R V preis
q7cccb8860,Electronics,drone with camera,branded,DJI Air 3 offers,DJI Air 3 offerte,DJI Air 3 angebote
q0237ee3ff,Electronics,earbuds,branded,Samsung Galaxy Buds 2 Pro offers,Samsung Galaxy Buds 2 Pro offerte,Samsung Galaxy Buds 2 Pro angebote
q4e504c18b,Electronics,earbuds,branded,Apple AirPods Pro 2 review,Apple AirPods Pro 2 recensione,Apple AirPods Pro 2 test
qeefe65418,Electronics,gaming console,branded,buy Nintendo Switch OLED,acquista Nintendo Switch OLED,Nintendo Switch OLED kaufen
q18bb20ac0,Electronics,gaming laptop,branded,MSI Titan GT77 review,MSI Titan GT77 recensione,MSI Titan GT77 test
qe5a964077,Electronics,gaming monitor,branded,LG UltraGear 27GP850 review,LG UltraGear 27GP850 recensione,LG UltraGear 27GP850 test
q2aa7b37ac,Electronics,gaming mouse,branded,Steelseries Aerox 5 offers,Steelseries Aerox 5 offerte,Steelseries Aerox 5 angebote
qc6689b674,Electronics,laptop,branded,buy HP Spectre x360,acquista HP Spectre x360,HP Spectre x360 kaufen
q1055fab27,Electronics,laptop,branded,HP Envy 15 price,HP Envy 15 prezzo,HP Envy 15 preis
q29d0f9d6b,Electronics,noise cancelling headphones,branded,Bose QuietComfort 45 review,Bose QuietComfort 45 recensione,Bose QuietComfort 45 test
qba780d15d,Electronics,smartphone,branded,buy Honor Magic 6 Pro,acquista Honor Magic 6 Pro,Honor Magic 6 Pro kaufen
qde8bb6f81,Electronics,smartphone,branded,Google Pixel 9 Pro offers,Google Pixel 9 Pro offerte,Google Pixel 9 Pro angebote
qfdff46631,Electronics,smartphone,branded,iPhone 15 Pro offers,iPhone 15 Pro offerte,iPhone 15 Pro angebote
q278b4ace3,Electronics,soundbar,branded,LG SP9YA price,LG SP9YA prezzo,LG SP9YA preis
qbc8bf0e6f,Electronics,streaming device,branded,Amazon Fire TV Stick 4K,Amazon Fire TV Stick 4K,Amazon Fire TV Stick 4K
q1aadb48a8,Electronics,tablet,branded,Microsoft Surface Pro 10 offers,Microsoft Surface Pro 10 offerte,Microsoft Surface Pro 10 angebote
q2f32167d8,Electronics,wireless headphones,branded,Anker Soundcore Q45,Anker Soundcore Q45,Anker Soundcore Q45
q1a6a05a35,Electronics,2-in-1 laptop,generic,2-in-1 laptop price,prezzo laptop 2-in-1,2-in-1-Laptop preis
q2ec581040,Electronics,4K television,generic,4K television 2024,televisore 4K 2024,4K-Fernseher 2024
q9c42de3c6,Electronics,Bluetooth speaker,generic,Bluetooth speaker price,prezzo speaker Bluetooth,Bluetooth-Lautsprecher preis
qd642f05c5,Electronics,DAC amplifier,generic,DAC amplifier online,DAC amplificatore online,DAC Verstärker online
q3069223a8,Electronics,DSLR camera,generic,best value DSLR camera,reflex digitale miglior rapporto qualità prezzo,bestes preis-leistungs Spiegelreflexkamera
qabd89ae8d,Electronics,QLED television,generic,QLED television price,prezzo televisore QLED,QLED-Fernseher preis
qd2a1228a2,Electronics,SSD,generic,SSD review,recensione SSD,SSD test
q83d25e9a9,Electronics,USB hub,generic,USB hub 2024,hub USB 2024,USB-Hub 2024
q884904df0,Electronics,VR headset,generic,compare VR headset,confronta visore VR,VR-Headset vergleich
q8ec16c59e,Electronics,action camera,generic,action camera for beginners,action camera per principianti,Action-Kamera für anfänger
q10484bd8d,Electronics,business laptop,generic,compare business laptop,confronta laptop business,Business-Laptop vergleich
q35cefb6d0,Electronics,camera bag,generic,camera bag professional,borsa per fotocamera professionale,professioneller Kameratasche
q75d5668c4,Electronics,camera lens,generic,camera lens offers,offerte obiettivo fotografico,Kameraobjektiv angebote
q14152631a,Electronics,digital camera,generic,where to buy digital camera,dove comprare fotocamera digitale,wo Digitalkamera kaufen
q4e5751c50,Electronics,drone with camera,generic,drone with camera under 500,drone con fotocamera sotto 500 euro,Drohne mit Kamera unter 500 euro
qce6f41e9a,Electronics,flagship smartphone,generic,flagship smartphone 2024,smartphone top di gamma 2024,Flagship-Smartphone 2024
q75f080633,Electronics,gaming chair,generic,top gaming chair,top sedia gaming,top Gaming-Stuhl
qf9b22329a,Electronics,gaming console,generic,gaming console professional,console di gioco professionale,professioneller Spielkonsole
q5670c6a6f,Electronics,gaming controller,generic,gaming controller sale,controller gaming saldi,Gaming-Controller sale
qbf66dd44b,Electronics,gaming desk,generic,compare gaming desk,confronta scrivania gaming,Gaming-Schreibtisch vergleich
qb9a8e407f,Electronics,gaming headset,generic,gaming headset online,headset gaming online,Gaming-Headset online
qb5e2f66e7,Electronics,gaming monitor,generic,compare gaming monitor,confronta monitor gaming,Gaming-Monitor vergleich
qc62622f2e,Electronics,gaming mouse,generic,gaming mouse rating,valutazione mouse gaming,Gaming-Maus bewertung
qbe611f7f7,Electronics,home cinema system,generic,home cinema system rating,valutazione sistema home cinema,Heimkinosystem bewertung
q221152d6e,Electronics,iPad,generic,cheap iPad,iPad economici,günstiger iPad
q5fa8b14de,Electronics,in-ear headphones,generic,in-ear headphones online,auricolari in-ear online,In-Ear-Kopfhörer online
qd88d11eef,Electronics,instant camera,generic,instant camera for beginners,fotocamera istantanea per principianti,Sofortbildkamera für anfänger
qd64f7c72d,Electronics,laptop,generic,laptop rating,valutazione laptop,Laptop bewertung
q5d68acfd5,Electronics,laptop stand,generic,laptop stand rating,valutazione supporto laptop,Laptop-Ständer bewertung
qbdc2a7f4a,Electronics,mechanical keyboard,generic,mechanical keyboard under 100,tastiera meccanica sotto 100 euro,Mechanische Tastatur unter 100 euro
q1d7bd0c37,Electronics,memory card,generic,memory card 2024,scheda di memoria 2024,Speicherkarte 2024
q733ca550b,Electronics,mirrorless camera,generic,mirrorless camera 2024,fotocamera mirrorless 2024,Systemkamera 2024
qe82bdb597,Electronics,monitor,generic,monitor professional,monitor professionale,professioneller Monitor
qebc9255db,Electronics,noise cancelling headphones,generic,noise cancelling headphones professional,cuffie noise cancelling professionale,professioneller Noise-Cancelling-Kopfhörer
qc5a9ddd23,Electronics,phone case,generic,phone case for beginners,custodia per telefono per principianti,Handyhülle für anfänger
q1c38308a6,Electronics,portable speaker,generic,cheap portable speaker,altoparlante portatile economici,günstiger Portabler Lautsprecher
q62b477a57,Electronics,power bank,generic,power bank,power bank,Powerbank
q534b75cc9,Electronics,projector,generic,projector deals,proiettore occasioni,Beamer schnäppchen
q7e82e4e88,Electronics,screen protector,generic,screen protector review,recensione protezione schermo,Displayschutzfolie test
qb0529aa01,Electronics,smartphone,generic,smartphone specs,specifiche smartphone,Smartphone technische daten
qb83c4a9dc,Electronics,tablet,generic,top tablet,top tablet,top Tablet
q4e9de332e,Electronics,tripod,generic,tripod online,treppiede online,Stativ online
q883abbd6e,Electronics,ultrabook,generic,compare ultrabook,confronta ultrabook,Ultrabook vergleich
q6110d24dc,Electronics,vinyl record player,generic,where to buy vinyl record player,dove comprare giradischi,wo Plattenspieler kaufen
q22ea696e4,Electronics,wireless charger,generic,wireless charger under 500,caricatore wireless sotto 500 euro,Kabelloses Ladegerät unter 500 euro
qbeff5750e,Electronics,wireless headphones,generic,compare wireless headphones,confronta cuffie wireless,Kabellose Kopfhörer vergleich
q834a33ac5,Home & Garden,air fryer,branded,Cosori Pro LE Air Fryer offers,Cosori Pro LE Air Fryer offerte,Cosori Pro LE Air Fryer angebote
q8153e5e39,Home & Garden,air fryer,branded,buy Instant Vortex Plus 6-in-1,acquista Instant Vortex Plus 6-in-1,Instant Vortex Plus 6-in-1 kaufen
qa93ce3d87,Home & Garden,air purifier,branded,Blueair Blue Pure 311i+ price,Blueair Blue Pure 311i+ prezzo,Blueair Blue Pure 311i+ preis
q03937de99,Home & Garden,air purifier,branded,Dyson Purifier Hot+Cool,Dyson Purifier Hot+Cool,Dyson Purifier Hot+Cool
q102cbb443,Home & Garden,blender,branded,Vitamix 5200,Vitamix 5200,Vitamix 5200
q390d96185,Home & Garden,capsule coffee machine,branded,Nespresso Vertuo Next review,Nespresso Vertuo Next recensione,Nespresso Vertuo Next test
q28dcfc685,Home & Garden,coffee machine,branded,Siemens EQ.9 Plus,Siemens EQ.9 Plus,Siemens EQ.9 Plus
qa2a7ab8a8,Home & Garden,coffee machine,branded,Jura E8 price,Jura E8 prezzo,Jura E8 preis
q752ce51c0,Home & Garden,electric razor,branded,buy Philips Series 9000 Prestige,acquista Philips Series 9000 Prestige,Philips Series 9000 Prestige kaufen
q8b1885082,Home & Garden,electric toothbrush,branded,Philips Sonicare DiamondClean,Philips Sonicare DiamondClean,Philips Sonicare DiamondClean
q11f10eda9,Home & Garden,espresso machine,branded,De'Longhi La Specialista review,De'Longhi La Specialista recensione,De'Longhi La Specialista test
qaed9a6fb4,Home & Garden,hair dryer,branded,Dyson Supersonic offers,Dyson Supersonic offerte,Dyson Supersonic angebote
qb237d45c7,Home & Garden,hair straightener,branded,ghd Platinum+ Styler price,ghd Platinum+ Styler prezzo,ghd Platinum+ Styler preis
q53d87c364,Home & Garden,office chair,branded,ErgoChair Pro+ review,ErgoChair Pro+ recensione,ErgoChair Pro+ test
q70f413b9d,Home & Garden,robot vacuum cleaner,branded,buy Dyson 360 Vis Nav,acquista Dyson 360 Vis Nav,Dyson 360 Vis Nav kaufen
q92f158ded,Home & Garden,robot vacuum cleaner,branded,iRobot Roomba j7+ price,iRobot Roomba j7+ prezzo,iRobot Roomba j7+ preis
q929bd84c3,Home & Garden,security camera,branded,Arlo Pro 5S price,Arlo Pro 5S prezzo,Arlo Pro 5S preis
qe4ec36851,Home & Garden,smart doorbell,branded,buy Ring Video Doorbell Pro 2,acquista Ring Video Doorbell Pro 2,Ring Video Doorbell Pro 2 kaufen
q6946a957d,Home & Garden,smart lighting,branded,buy LIFX Color 1000lm,acquista LIFX Color 1000lm,LIFX Color 1000lm kaufen
q12e290db4,Home & Garden,smart thermostat,branded,Hive Active Heating price,Hive Active Heating prezzo,Hive Active Heating preis
qdd5cd392a,Home & Garden,standing desk,branded,Jarvis Standing Desk,Jarvis Standing Desk,Jarvis Standing Desk
qe85d0a6c1,Home & Garden,vacuum cleaner,branded,buy Miele Complete C3 Brilliant,acquista Miele Complete C3 Brilliant,Miele Complete C3 Brilliant kaufen
qbfe3e803e,Home & Garden,vacuum cleaner,branded,Shark Vertex AZ2002 offers,Shark Vertex AZ2002 offerte,Shark Vertex AZ2002 angebote
qd3d19ff7e,Home & Garden,air fryer,generic,compare air fryer,confronta friggitrice ad aria,Heißluftfritteuse vergleich
q773386064,Home & Garden,air fryer,generic,air fryer offers,offerte friggitrice ad aria,Heißluftfritteuse angebote
qf8a2b6a1d,Home & Garden,air purifier,generic,best value air purifier,purificatore d'aria miglior rapporto qualità prezzo,bestes preis-leistungs Luftreiniger
qe683a7366,Home & Garden,air purifier,generic,where to buy air purifier,dove comprare purificatore d'aria,wo Luftreiniger kaufen
q75e1e4591,Home & Garden,blender,generic,cheap blender,frullatore economici,günstiger Mixer
qbb1c50480,Home & Garden,blender,generic,blender deals,frullatore occasioni,Mixer schnäppchen
qd440eb1b1,Home & Garden,capsule coffee machine,generic,capsule coffee machine under 100,macchina caffè capsule sotto 100 euro,Kapselkaffeemaschine unter 100 euro
q0341b117f,Home & Garden,capsule coffee machine,generic,compare capsule coffee machine,confronta macchina caffè capsule,Kapselkaffeemaschine vergleich
q782d1c6bb,Home & Garden,coffee machine,generic,cheap coffee machine,macchina del caffè economici,günstiger Kaffeemaschine
qe5218ea9d,Home & Garden,coffee machine,generic,coffee machine under 500,macchina del caffè sotto 500 euro,Kaffeemaschine unter 500 euro
q0cf413851,Home & Garden,electric razor,generic,electric razor amazon,rasoio elettrico amazon,Elektrorasierer amazon
q73d41ae42,Home & Garden,electric razor,generic,electric razor 2024,rasoio elettrico 2024,Elektrorasierer 2024
q88227bf08,Home & Garden,electric toothbrush,generic,electric toothbrush review,recensione spazzolino elettrico,Elektrische Zahnbürste test
qed7862ddd,Home & Garden,electric toothbrush,generic,best electric toothbrush,migliori spazzolino elettrico,bestes Elektrische Zahnbürste
qf411cf96a,Home & Garden,espresso machine,generic,espresso machine deals,macchina per espresso occasioni,Espressomaschine schnäppchen
qaf313af1b,Home & Garden,espresso machine,generic,top espresso machine,top macchina per espresso,top Espressomaschine
qbed8146ea,Home & Garden,food processor,generic,food processor under 500,robot da cucina sotto 500 euro,Küchenmaschine unter 500 euro
q8dd46c6ad,Home & Garden,food processor,generic,buy food processor,acquista robot da cucina,Küchenmaschine kaufen
qadcc5a57d,Home & Garden,hair dryer,generic,hair dryer price,prezzo asciugacapelli,Haartrockner preis
qe6c34e8b9,Home & Garden,hair dryer,generic,best value hair dryer,asciugacapelli miglior rapporto qualità prezzo,bestes preis-leistungs Haartrockner
q37fa09223,Home & Garden,hair straightener,generic,hair straightener under 500,piastra per capelli sotto 500 euro,Haarglätter unter 500 euro
q339db8361,Home & Garden,hair straightener,generic,best value hair straightener,piastra per capelli miglior rapporto qualità prezzo,bestes preis-leistungs Haarglätter
qe675613e3,Home & Garden,humidifier,generic,buy humidifier online,comprare umidificatore online,Luftbefeuchter online kaufen
q51e1cb331,Home & Garden,humidifier,generic,humidifier under 100,umidificatore sotto 100 euro,Luftbefeuchter unter 100 euro
q845fc3b3a,Home & Garden,instant pot,generic,buy instant pot,acquista pentola a pressione,Schnellkochtopf kaufen
qd38cf564f,Home & Garden,instant pot,generic,instant pot review,recensione pentola a pressione,Schnellkochtopf test
qacdbdfadd,Home & Garden,monitor arm,generic,monitor arm review,recensione braccio per monitor,Monitorhalterung test
q65d9d316d,Home & Garden,monitor arm,generic,monitor arm amazon,braccio per monitor amazon,Monitorhalterung amazon
qa70be3171,Home & Garden,office chair,generic,office chair sale,sedia da ufficio saldi,Bürostuhl sale
q2507c4b44,Home & Garden,robot vacuum cleaner,generic,robot vacuum cleaner deals,aspirapolvere robot occasioni,Saugroboter schnäppchen
q9c5d3f0d2,Home & Garden,robot vacuum cleaner,generic,buy robot vacuum cleaner online,comprare aspirapolvere robot online,Saugroboter online kaufen
q497b9557b,Home & Garden,security camera,generic,cheap security camera,telecamera di sicurezza economici,günstiger Sicherheitskamera
q0d7a624a8,Home & Garden,security camera,generic,security camera specs,specifiche telecamera di sicurezza,Sicherheitskamera technische daten
qaa9507219,Home & Garden,smart doorbell,generic,smart doorbell price,prezzo videocitofono smart,Video-Türklingel preis
qd8d08ab87,Home & Garden,smart lighting,generic,smart lighting amazon,illuminazione smart amazon,Smarte Beleuchtung amazon
q5d3e1c73e,Home & Garden,smart lighting,generic,smart lighting,illuminazione smart,Smarte Beleuchtung
qcef71c3d1,Home & Garden,smart thermostat,generic,smart thermostat price,prezzo termostato intelligente,Smartes Thermostat preis
q92d691bea,Home & Garden,smart thermostat,generic,smart thermostat review,recensione termostato intelligente,Smartes Thermostat test
q47a55be52,Home & Garden,stand mixer,generic,stand mixer professional,impastatrice professionale,professioneller Küchenmaschine
q272892ed9,Home & Garden,standing desk,generic,standing desk under 500,scrivania regolabile sotto 500 euro,Höhenverstellbarer Schreibtisch unter 500 euro
qfa2c60f89,Home & Garden,standing desk,generic,cheap standing desk,scrivania regolabile economici,günstiger Höhenverstellbarer Schreibtisch
qa1e25f8eb,Home & Garden,vacuum cleaner,generic,vacuum cleaner 2024,aspirapolvere 2024,Staubsauger 2024
q20075b53d,Home & Garden,vacuum cleaner,generic,vacuum cleaner price,prezzo aspirapolvere,Staubsauger preis
qfc3c74f75,Sporting Goods,GPS running watch,branded,Suunto Race price,Suunto Race prezzo,Suunto Race preis
qdf9fb51cb,Sporting Goods,camping tent,branded,MSR Hubba Hubba NX 2 offers,MSR Hubba Hubba NX 2 offerte,MSR Hubba Hubba NX 2 angebote
q27a82a41e,Sporting Goods,cycling helmet,branded,POC Ventral Air Mips review,POC Ventral Air Mips recensione,POC Ventral Air Mips test
q95a46f438,Sporting Goods,e-bike,branded,Specialized Turbo Vado,Specialized Turbo Vado,Specialized Turbo Vado
qbc70c3784,Sporting Goods,e-bike,branded,Bosch eBike price,E-Bike Bosch prezzo,Bosch E-Bike preis
q95dc04db0,Sporting Goods,exercise bike,branded,Peloton Bike+ price,Peloton Bike+ prezzo,Peloton Bike+ preis
qcd2e69342,Sporting Goods,mountain bike,branded,Giant Trance X Advanced review,Giant Trance X Advanced recensione,Giant Trance X Advanced test
q0bf688f0f,Sporting Goods,protein powder,branded,ON Gold Standard Whey 2kg review,ON Gold Standard Whey 2kg recensione,ON Gold Standard Whey 2kg test
qce17f8808,Sporting Goods,road bike,branded,buy Trek Domane SL 6,acquista Trek Domane SL 6,Trek Domane SL 6 kaufen
q0707118f5,Sporting Goods,road bike,branded,buy Specialized Allez,acquista Specialized Allez,Specialized Allez kaufen
qfca0b5ac9,Sporting Goods,ski boots,branded,buy Atomic Hawx Prime 130,acquista Atomic Hawx Prime 130,Atomic Hawx Prime 130 kaufen
q9096f761d,Sporting Goods,ski helmet,branded,Smith Vantage MIPS review,Smith Vantage MIPS recensione,Smith Vantage MIPS test
q34a63e072,Sporting Goods,sleeping bag,branded,Western Mountaineering Alpinlite price,Western Mountaineering Alpinlite prezzo,Western Mountaineering Alpinlite preis
qe1f4f676f,Sporting Goods,tennis racket,branded,buy Wilson Pro Staff RF97,acquista Wilson Pro Staff RF97,Wilson Pro Staff RF97 kaufen
qda0abd177,Sporting Goods,treadmill,branded,buy NordicTrack Commercial 1750,acquista NordicTrack Commercial 1750,NordicTrack Commercial 1750 kaufen
q33939979a,Sporting Goods,yoga mat,branded,Manduka PRO Yoga Mat,Manduka PRO Yoga Mat,Manduka PRO Yoga Mat
q5c13d02d6,Sporting Goods,GPS running watch,generic,buy GPS running watch,acquista orologio GPS corsa,GPS-Laufuhr kaufen
qa8f06fd69,Sporting Goods,GPS running watch,generic,GPS running watch professional,orologio GPS corsa professionale,professioneller GPS-Laufuhr
qdad9228e4,Sporting Goods,badminton racket,generic,cheap badminton racket,racchetta da badminton economici,günstiger Badmintonschläger
q9d9e99971,Sporting Goods,badminton racket,generic,badminton racket deals,racchetta da badminton occasioni,Badmintonschläger schnäppchen
qe50915aa8,Sporting Goods,basketball,generic,best value basketball,pallone da basket miglior rapporto qualità prezzo,bestes preis-leistungs Basketball
q40b3242ca,Sporting Goods,basketball,generic,basketball 2024,pallone da basket 2024,Basketball 2024
qbde88ba16,Sporting Goods,camping tent,generic,camping tent 2024,tenda da campeggio 2024,Campingzelt 2024
q108a9baa2,Sporting Goods,camping tent,generic,camping tent,tenda da campeggio,Campingzelt
qba2b4b55d,Sporting Goods,climbing harness,generic,climbing harness under 500,imbrago da arrampicata sotto 500 euro,Klettergurt unter 500 euro
qadee4989b,Sporting Goods,climbing harness,generic,climbing harness review,recensione imbrago da arrampicata,Klettergurt test
qbcd385e35,Sporting Goods,cycling helmet,generic,cycling helmet offers,offerte casco da bici,Fahrradhelm angebote
qbeb102bd7,Sporting Goods,cycling helmet,generic,buy cycling helmet online,comprare casco da bici online,Fahrradhelm online kaufen
q51c5c0c7b,Sporting Goods,dumbbell set,generic,best dumbbell set,migliori set manubri,bestes Hantelset
q9ffe5c33b,Sporting Goods,dumbbell set,generic,dumbbell set price,prezzo set manubri,Hantelset preis
qced937b2a,Sporting Goods,e-bike,generic,e-bike offers,offerte bici elettrica,E-Bike angebote
q8003d8f34,Sporting Goods,e-bike,generic,e-bike sale,bici elettrica saldi,E-Bike sale
q6ea42b12a,Sporting Goods,energy gel,generic,compare energy gel,confronta gel energetico,Energiegel vergleich
q49f112628,Sporting Goods,energy gel,generic,energy gel,gel energetico,Energiegel
qcca0be8ea,Sporting Goods,exercise bike,generic,top exercise bike,top cyclette,top Heimtrainer
qa0be4e5d3,Sporting Goods,foam roller,generic,foam roller amazon,foam roller amazon,Schaumstoffrolle amazon
qc6cdc1cea,Sporting Goods,football,generic,football under 500,pallone da calcio sotto 500 euro,Fußball unter 500 euro
q761763853,Sporting Goods,football,generic,football rating,valutazione pallone da calcio,Fußball bewertung
q2de2f2541,Sporting Goods,heart rate monitor,generic,heart rate monitor review,recensione cardiofrequenzimetro,Herzfrequenzmesser test
q864c5e234,Sporting Goods,heart rate monitor,generic,heart rate monitor professional,cardiofrequenzimetro professionale,professioneller Herzfrequenzmesser
q52ea586ec,Sporting Goods,kettlebell,generic,kettlebell review,recensione kettlebell,Kettlebell test
qb2b483a03,Sporting Goods,kettlebell,generic,buy kettlebell,acquista kettlebell,Kettlebell kaufen
q848efdc1b,Sporting Goods,mountain bike,generic,mountain bike deals,mountain bike occasioni,Mountainbike schnäppchen
q421cbc630,Sporting Goods,mountain bike,generic,top mountain bike,top mountain bike,top Mountainbike
q4e7d79c55,Sporting Goods,protein powder,generic,protein powder specs,specifiche proteine in polvere,Proteinpulver technische daten
q8536dc65e,Sporting Goods,protein powder,generic,top protein powder,top proteine in polvere,top Proteinpulver
q1f19a2fe4,Sporting Goods,pull-up bar,generic,pull-up bar for beginners,sbarra per trazioni per principianti,Klimmzugstange für anfänger
q21d90fa2e,Sporting Goods,pull-up bar,generic,best pull-up bar,migliori sbarra per trazioni,bestes Klimmzugstange
q489b0b05a,Sporting Goods,resistance bands,generic,buy resistance bands,acquista elastici fitness,Fitnessbänder kaufen
q2cdd0e036,Sporting Goods,resistance bands,generic,buy resistance bands online,comprare elastici fitness online,Fitnessbänder online kaufen
qa29ab89d8,Sporting Goods,road bike,generic,compare road bike,confronta bici da strada,Rennrad vergleich
q45240fb6a,Sporting Goods,road bike,generic,road bike professional,bici da strada professionale,professioneller Rennrad
qfee82b465,Sporting Goods,ski boots,generic,ski boots amazon,scarponi da sci amazon,Skischuhe amazon
qc11ea6d2b,Sporting Goods,ski boots,generic,ski boots sale,scarponi da sci saldi,Skischuhe sale
qe89ba9926,Sporting Goods,ski helmet,generic,ski helmet professional,casco da sci professionale,professioneller Skihelm
q39766f4ea,Sporting Goods,sleeping bag,generic,best sleeping bag,migliori sacco a pelo,bestes Schlafsack
q55ab4d6aa,Sporting Goods,sports nutrition,generic,sports nutrition amazon,nutrizione sportiva amazon,Sportnahrung amazon
q5473fe386,Sporting Goods,sports nutrition,generic,sports nutrition 2024,nutrizione sportiva 2024,Sportnahrung 2024
qcf0871f3a,Sporting Goods,stand up paddle,generic,stand up paddle deals,stand up paddle occasioni,Stand-Up-Paddle schnäppchen
q71a94792b,Sporting Goods,stand up paddle,generic,top stand up paddle,top stand up paddle,top Stand-Up-Paddle
q0f40d1760,Sporting Goods,surf board,generic,surf board sale,tavola da surf saldi,Surfbrett sale
qb4f3b93ec,Sporting Goods,swimming goggles,generic,swimming goggles price,prezzo occhialini da nuoto,Schwimmbrille preis
q2edbc4bc0,Sporting Goods,tennis racket,generic,buy tennis racket,acquista racchetta da tennis,Tennisschläger kaufen
q8bbc1d527,Sporting Goods,treadmill,generic,treadmill offers,offerte tapis roulant,Laufband angebote
qaeb3832e9,Sporting Goods,trekking poles,generic,top trekking poles,top bastoni da trekking,top Wanderstöcke
q1ce9ada4a,Sporting Goods,yoga mat,generic,yoga mat for beginners,tappetino yoga per principianti,Yogamatte für anfänger
